id,title,score,num_comments,author,created_utc,url,over_18,edited,spoiler,stickied
1ktpgcf,"New data engineer getting paid more than me, a senior DE",101,107,Yoyo_Baggins,1970-01-01 00:00:01.748021463,https://www.reddit.com/r/dataengineering/comments/1ktpgcf/new_data_engineer_getting_paid_more_than_me_a/,False,False,False,False
1ktlg3v,"Senior data Engineer coworker ""not comfortable"" writing stored procedures and tasks in snowflake?",48,91,spock2018,1970-01-01 00:00:01.748011732,https://www.reddit.com/r/dataengineering/comments/1ktlg3v/senior_data_engineer_coworker_not_comfortable/,False,False,False,False
1kthcrg,How is an actual data engineering project executed?,30,15,BricksData,1970-01-01 00:00:01.748000354,https://www.reddit.com/r/dataengineering/comments/1kthcrg/how_is_an_actual_data_engineering_project_executed/,False,False,False,False
1kt45y6,What do you call your data mart layer/schema?,28,30,Such_Market2566,1970-01-01 00:00:01.747953645,https://www.reddit.com/r/dataengineering/comments/1kt45y6/what_do_you_call_your_data_mart_layerschema/,False,False,False,False
1ktc6so,N8n in Data engineering.,16,9,Different-Future-447,1970-01-01 00:00:01.747979562,https://www.reddit.com/r/dataengineering/comments/1ktc6so/n8n_in_data_engineering/,False,False,False,False
1kt6ndz,How does your team decide who gets access to what data?,14,9,exact-approximate,1970-01-01 00:00:01.747960932,https://www.reddit.com/r/dataengineering/comments/1kt6ndz/how_does_your_team_decide_who_gets_access_to_what/,False,False,False,False
1ktkqj6,Modular Data Pipeline (Microservices + Delta Lake) for Live ETAs – Architecture Review of La Poste’s Case,15,2,Typical-Scene-5794,1970-01-01 00:00:01.748009914,https://www.reddit.com/r/dataengineering/comments/1ktkqj6/modular_data_pipeline_microservices_delta_lake/,False,False,False,False
1ktr6u3,A no-code tool to explore & clean datasets,5,6,enzineer-reddit,1970-01-01 00:00:01.748025724,https://www.reddit.com/r/dataengineering/comments/1ktr6u3/a_nocode_tool_to_explore_clean_datasets/,False,False,False,False
1kteklu,Bytebase 3.6.2 released -- Database DevSecOps for MySQL/PG/MSSQL/Oracle/Snowflake/Clickhouse,6,2,op3rator_dec,1970-01-01 00:00:01.747989529,https://www.bytebase.com/changelog/bytebase-3-6-2/,False,False,False,False
1ktc9oy,Data strategy,5,5,Different-Future-447,1970-01-01 00:00:01.747979889,https://www.reddit.com/r/dataengineering/comments/1ktc9oy/data_strategy/,False,False,False,False
1ktn8tv,Should I switch teams? Manager limiting my growth opportunities,3,7,eatdrinksleepp,1970-01-01 00:00:01.748016101,https://www.reddit.com/r/dataengineering/comments/1ktn8tv/should_i_switch_teams_manager_limiting_my_growth/,False,False,False,False
1ktvdwj,Curious about your background before getting into data engineering,3,8,No_Chest_5294,1970-01-01 00:00:01.748036446,https://www.reddit.com/r/dataengineering/comments/1ktvdwj/curious_about_your_background_before_getting_into/,False,False,False,False
1ktv48w,How would you tackle this?,2,0,volvodude-,1970-01-01 00:00:01.748035746,https://www.reddit.com/r/dataengineering/comments/1ktv48w/how_would_you_tackle_this/,False,False,False,False
1ktqbov,"Sharing cache between spark executors, possible?",2,0,AartaXerxes,1970-01-01 00:00:01.748023580,https://www.reddit.com/r/dataengineering/comments/1ktqbov/sharing_cache_between_spark_executors_possible/,False,False,False,False
1ktpa5a,Public data analysis using PostgresSQL and Power BI,2,1,0sergio-hash,1970-01-01 00:00:01.748021053,https://www.reddit.com/r/dataengineering/comments/1ktpa5a/public_data_analysis_using_postgressql_and_power/,False,False,False,False
1ktjkf6,Should I do the AWS SAA Certification or skip and go straight to AWS DE Certification?,2,0,rudimentaryblues,1970-01-01 00:00:01.748006868,https://www.reddit.com/r/dataengineering/comments/1ktjkf6/should_i_do_the_aws_saa_certification_or_skip_and/,False,False,False,False
1ktvupw,Practice Python,5,1,theeyecatcher,1970-01-01 00:00:01.748037690,https://www.reddit.com/r/dataengineering/comments/1ktvupw/practice_python/,False,False,False,False
1ktuzlu,Is DE cyclical?,3,1,serverlessmom,1970-01-01 00:00:01.748035406,https://www.reddit.com/r/dataengineering/comments/1ktuzlu/is_de_cyclical/,False,False,False,False
1kttnvm,How valuable do you guys find structured learning vs learning/improving on the job?,2,3,Reddit_Account_C-137,1970-01-01 00:00:01.748031984,https://www.reddit.com/r/dataengineering/comments/1kttnvm/how_valuable_do_you_guys_find_structured_learning/,False,False,False,False
1ktcc05,LLM / AI use case for logs,1,2,Different-Future-447,1970-01-01 00:00:01.747980121,https://www.reddit.com/r/dataengineering/comments/1ktcc05/llm_ai_use_case_for_logs/,False,False,False,False
1ktu9ru,"Amazon L4 or Stable, Comfortable Job as New Grad?",1,7,Interesting_Tea6963,1970-01-01 00:00:01.748033577,https://www.reddit.com/r/dataengineering/comments/1ktu9ru/amazon_l4_or_stable_comfortable_job_as_new_grad/,False,False,False,False
1kte7ur,Modular pipeline design: ADF + Databricks notebooks,0,4,ur64n-,1970-01-01 00:00:01.747987955,https://www.reddit.com/r/dataengineering/comments/1kte7ur/modular_pipeline_design_adf_databricks_notebooks/,False,False,False,False
1ktb2jo,Anyone else dealing with messy fleet data?,0,0,Data-Sleek,1970-01-01 00:00:01.747975289,https://www.reddit.com/r/dataengineering/comments/1ktb2jo/anyone_else_dealing_with_messy_fleet_data/,False,False,False,False
1kt7ve2,I've built a Cursor for data with context aware agent and auto-complete (Now working for BigQuery),0,0,jekapats,1970-01-01 00:00:01.747964761,https://cipher42.ai,False,False,False,False
1kt5o2v,Anyone working on AI data engineering path?,0,2,ElonBakth,1970-01-01 00:00:01.747957946,https://www.reddit.com/r/dataengineering/comments/1kt5o2v/anyone_working_on_ai_data_engineering_path/,False,False,False,False
1kt5f8i,ETL vs ELT — Why Modern Data Teams Flipped the Script,0,17,New-Ship-5404,1970-01-01 00:00:01.747957229,https://www.reddit.com/r/dataengineering/comments/1kt5f8i/etl_vs_elt_why_modern_data_teams_flipped_the/,False,False,False,False
